nombre,apellido,usuario,rol,propiedadId,propiedadesPermitidas
JOSE MANUEL,RAMIREZ,JRAMIREZ,guardia,todas,*
FERNANDO,ORTEGA JUAREZ,FORTEGA,guardia,todas,*
JOSE GERARDO,DEANDA PUERTO,JDEANDA,guardia,todas,*
MARIA,BAUTISTA SALAZAR,MBAUTISTA,guardia,todas,*
ALEJANDRO,ROMERO OVIEDO,AROMERO,guardia,todas,*
GERARDO ARTURO,MUÑOZ TOVAR,GMUNOZ,guardia,todas,*
ALEJANDRO,SANABRIA GONZALEZ,ASANABRIA,guardia,todas,*
JESUS EMMANUEL,FLORES MENDOZA,JFLORES,guardia,todas,*
ALFREDO GERARDO,ROA VELAZQUEZ,AROA,guardia,todas,*
ITZEL PAOLA,SANCHEZ MAZA,ISANCHEZ,guardia,todas,*
MARLENE ESTRELLA,ARAIZA UGALDE,MARAIZA,guardia,todas,*
ANA KAREN,ACOSTA MALDONADO,AACOSTA,guardia,todas,*